timestamp,game,shift,players,avg_bet,revenue
2024-05-05 06:00:00,Roulette,Night,8,88.21,705.68
2024-05-19 03:00:00,Roulette,Afternoon,1,56.21,56.21
2024-05-12 06:00:00,Blackjack,Afternoon,3,31.83,95.49
2024-05-05 10:00:00,Baccarat,Afternoon,3,45.4,136.2
2024-05-03 23:00:00,Poker,Morning,9,8.57,77.13
2024-05-01 20:00:00,Poker,Morning,5,17.15,85.75
2024-05-26 14:00:00,Poker,Night,9,77.73,699.57
2024-05-06 01:00:00,Poker,Afternoon,9,5.0,45.0
2024-05-20 10:00:00,Blackjack,Morning,1,44.57,44.57
2024-05-09 22:00:00,Slots,Afternoon,2,54.64,109.28
2024-05-14 18:00:00,Baccarat,Evening,5,10.19,50.949999999999996
2024-05-20 02:00:00,Roulette,Evening,4,97.44,389.76
2024-05-04 15:00:00,Slots,Evening,9,26.48,238.32
2024-05-16 12:00:00,Poker,Night,7,33.9,237.29999999999998
2024-05-05 03:00:00,Slots,Afternoon,6,33.87,203.21999999999997
2024-05-28 15:00:00,Baccarat,Evening,7,26.89,188.23000000000002
2024-05-06 10:00:00,Roulette,Morning,1,5.14,5.14
2024-05-28 13:00:00,Roulette,Evening,1,74.29,74.29
2024-05-13 20:00:00,Baccarat,Evening,8,96.85,774.8
2024-05-15 07:00:00,Baccarat,Evening,2,26.31,52.62
2024-05-21 11:00:00,Poker,Night,9,67.99,611.91
2024-05-18 05:00:00,Roulette,Morning,7,75.48,528.36
2024-05-17 01:00:00,Slots,Afternoon,6,85.6,513.5999999999999
2024-05-08 23:00:00,Blackjack,Morning,1,45.15,45.15
2024-05-12 12:00:00,Blackjack,Afternoon,1,33.78,33.78
2024-05-07 16:00:00,Baccarat,Night,2,35.9,71.8
2024-05-20 03:00:00,Poker,Night,6,72.7,436.20000000000005
2024-05-14 01:00:00,Blackjack,Night,6,82.59,495.54
2024-05-01 21:00:00,Roulette,Night,2,22.25,44.5
2024-05-11 12:00:00,Baccarat,Afternoon,1,40.24,40.24
2024-05-24 08:00:00,Slots,Evening,5,90.68,453.40000000000003
2024-05-20 18:00:00,Baccarat,Afternoon,5,81.64,408.2
2024-05-03 10:00:00,Slots,Morning,2,98.56,197.12
2024-05-22 06:00:00,Baccarat,Night,6,76.65,459.90000000000003
2024-05-29 09:00:00,Baccarat,Night,9,42.35,381.15000000000003
2024-05-20 19:00:00,Baccarat,Morning,2,61.11,122.22
2024-05-08 21:00:00,Slots,Afternoon,2,67.8,135.6
2024-05-29 14:00:00,Slots,Evening,3,12.45,37.349999999999994
2024-05-24 10:00:00,Baccarat,Evening,7,56.73,397.10999999999996
2024-05-24 14:00:00,Blackjack,Morning,6,72.39,434.34000000000003
2024-05-11 03:00:00,Poker,Evening,8,20.9,167.2
2024-05-22 00:00:00,Poker,Afternoon,8,79.16,633.28
2024-05-06 10:00:00,Poker,Afternoon,6,60.46,362.76
2024-05-21 04:00:00,Slots,Morning,3,95.46,286.38
2024-05-27 22:00:00,Slots,Afternoon,3,9.03,27.089999999999996
2024-05-01 20:00:00,Blackjack,Night,1,30.21,30.21
2024-05-07 22:00:00,Poker,Morning,7,62.15,435.05
2024-05-12 09:00:00,Poker,Afternoon,5,33.17,165.85000000000002
2024-05-17 03:00:00,Baccarat,Morning,4,72.87,291.48
2024-05-26 00:00:00,Slots,Evening,4,77.11,308.44
2024-05-14 03:00:00,Poker,Afternoon,4,14.74,58.96
2024-05-01 13:00:00,Blackjack,Night,6,53.82,322.92
2024-05-11 01:00:00,Blackjack,Afternoon,8,53.34,426.72
2024-05-15 09:00:00,Poker,Morning,8,40.08,320.64
2024-05-24 12:00:00,Slots,Morning,5,93.63,468.15
2024-05-15 03:00:00,Blackjack,Afternoon,6,83.61,501.65999999999997
2024-05-04 19:00:00,Baccarat,Night,4,71.23,284.92
2024-05-16 06:00:00,Blackjack,Night,9,72.86,655.74
2024-05-19 22:00:00,Roulette,Night,8,48.86,390.88
2024-05-18 19:00:00,Roulette,Morning,1,92.49,92.49
2024-05-22 04:00:00,Slots,Afternoon,2,70.99,141.98
2024-05-02 10:00:00,Poker,Evening,9,74.25,668.25
2024-05-09 13:00:00,Slots,Morning,8,86.86,694.88
2024-05-04 08:00:00,Slots,Night,3,31.04,93.12
2024-05-24 09:00:00,Slots,Afternoon,8,81.67,653.36
2024-05-17 03:00:00,Slots,Night,1,23.55,23.55
2024-05-01 01:00:00,Baccarat,Evening,4,37.81,151.24
2024-05-17 05:00:00,Baccarat,Night,3,36.88,110.64000000000001
2024-05-24 13:00:00,Blackjack,Night,6,97.96,587.76
2024-05-05 09:00:00,Roulette,Evening,7,86.37,604.59
2024-05-20 20:00:00,Slots,Afternoon,4,71.61,286.44
2024-05-17 17:00:00,Blackjack,Morning,7,74.07,518.49
2024-05-24 03:00:00,Roulette,Afternoon,9,58.4,525.6
2024-05-07 17:00:00,Poker,Evening,2,94.97,189.94
2024-05-09 09:00:00,Baccarat,Night,3,52.14,156.42000000000002
2024-05-12 05:00:00,Roulette,Afternoon,5,41.15,205.75
2024-05-12 06:00:00,Poker,Morning,3,20.49,61.47
2024-05-19 23:00:00,Roulette,Evening,8,79.69,637.52
2024-05-20 05:00:00,Baccarat,Afternoon,8,74.77,598.16
2024-05-11 11:00:00,Baccarat,Morning,8,41.51,332.08
2024-05-13 07:00:00,Blackjack,Evening,9,7.39,66.50999999999999
2024-05-15 01:00:00,Slots,Morning,4,84.7,338.8
2024-05-03 04:00:00,Roulette,Evening,5,6.08,30.4
2024-05-10 00:00:00,Roulette,Night,5,71.85,359.25
2024-05-08 19:00:00,Poker,Afternoon,8,97.17,777.36
2024-05-16 19:00:00,Baccarat,Morning,7,46.58,326.06
2024-05-21 12:00:00,Roulette,Evening,9,27.32,245.88
2024-05-02 16:00:00,Baccarat,Morning,8,71.96,575.68
2024-05-07 12:00:00,Roulette,Morning,2,82.63,165.26
2024-05-01 14:00:00,Blackjack,Afternoon,4,56.91,227.64
2024-05-03 16:00:00,Slots,Night,6,96.87,581.22
2024-05-22 16:00:00,Roulette,Morning,2,9.91,19.82
2024-05-15 07:00:00,Baccarat,Evening,7,52.96,370.72
2024-05-06 08:00:00,Blackjack,Evening,3,73.25,219.75
2024-05-27 23:00:00,Roulette,Night,3,86.95,260.85
2024-05-20 15:00:00,Poker,Evening,2,22.03,44.06
2024-05-03 14:00:00,Slots,Night,8,81.0,648.0
2024-05-06 18:00:00,Roulette,Evening,6,57.51,345.06
2024-05-21 18:00:00,Blackjack,Afternoon,1,42.67,42.67
2024-05-25 16:00:00,Poker,Morning,1,17.51,17.51
2024-05-17 07:00:00,Blackjack,Afternoon,7,87.2,610.4
2024-05-29 02:00:00,Blackjack,Morning,8,19.94,159.52
2024-05-18 10:00:00,Poker,Morning,5,34.43,172.15
2024-05-13 00:00:00,Blackjack,Morning,5,32.55,162.75
2024-05-16 18:00:00,Poker,Afternoon,4,87.78,351.12
2024-05-21 09:00:00,Roulette,Morning,6,68.91,413.46
2024-05-10 14:00:00,Poker,Afternoon,6,80.68,484.08000000000004
2024-05-02 16:00:00,Poker,Night,3,28.79,86.37
2024-05-02 03:00:00,Slots,Evening,9,64.36,579.24
2024-05-06 14:00:00,Poker,Evening,7,59.32,415.24
2024-05-09 08:00:00,Poker,Morning,1,84.12,84.12
2024-05-02 08:00:00,Roulette,Afternoon,7,91.08,637.56
2024-05-02 23:00:00,Slots,Evening,5,6.15,30.75
2024-05-21 22:00:00,Baccarat,Afternoon,5,69.03,345.15
2024-05-17 22:00:00,Roulette,Afternoon,2,9.92,19.84
2024-05-24 21:00:00,Roulette,Morning,4,57.14,228.56
2024-05-05 02:00:00,Baccarat,Evening,6,32.33,193.98
2024-05-29 11:00:00,Poker,Morning,7,34.14,238.98000000000002
2024-05-23 18:00:00,Blackjack,Morning,5,38.53,192.65
2024-05-26 12:00:00,Slots,Evening,9,64.02,576.18
2024-05-20 05:00:00,Blackjack,Evening,3,36.73,110.19
2024-05-27 18:00:00,Baccarat,Night,1,74.61,74.61
2024-05-01 04:00:00,Roulette,Night,4,43.43,173.72
2024-05-10 01:00:00,Roulette,Afternoon,9,11.49,103.41
2024-05-21 22:00:00,Slots,Evening,4,79.46,317.84
2024-05-17 13:00:00,Roulette,Night,2,32.15,64.3
2024-05-17 08:00:00,Roulette,Afternoon,5,46.11,230.55
2024-05-09 14:00:00,Slots,Afternoon,3,70.12,210.36
2024-05-01 14:00:00,Slots,Afternoon,9,36.58,329.21999999999997
2024-05-24 01:00:00,Baccarat,Night,4,10.38,41.52
2024-05-20 04:00:00,Roulette,Evening,6,40.52,243.12
2024-05-29 18:00:00,Roulette,Morning,2,94.72,189.44
2024-05-24 22:00:00,Baccarat,Afternoon,6,65.96,395.76
2024-05-11 00:00:00,Poker,Night,3,68.79,206.37
2024-05-24 11:00:00,Poker,Night,9,65.07,585.6299999999999
2024-05-04 23:00:00,Poker,Morning,2,23.9,47.8
2024-05-21 04:00:00,Baccarat,Morning,9,44.74,402.66
2024-05-17 22:00:00,Roulette,Night,5,76.34,381.70000000000005
2024-05-10 14:00:00,Baccarat,Evening,8,14.63,117.04
2024-05-28 06:00:00,Baccarat,Morning,2,31.4,62.8
2024-05-08 02:00:00,Poker,Night,6,31.25,187.5
2024-05-23 12:00:00,Blackjack,Morning,3,46.04,138.12
2024-05-02 11:00:00,Roulette,Evening,5,98.14,490.7
2024-05-22 20:00:00,Poker,Afternoon,8,11.41,91.28
2024-05-07 15:00:00,Blackjack,Morning,1,54.28,54.28
2024-05-11 02:00:00,Blackjack,Evening,5,22.04,110.19999999999999
2024-05-04 13:00:00,Slots,Night,3,97.21,291.63
2024-05-25 01:00:00,Roulette,Morning,4,15.76,63.04
2024-05-29 09:00:00,Blackjack,Morning,2,43.34,86.68
2024-05-24 04:00:00,Poker,Night,9,75.1,675.9
2024-05-24 21:00:00,Slots,Afternoon,3,71.93,215.79000000000002
2024-05-27 21:00:00,Roulette,Night,2,45.16,90.32
2024-05-02 03:00:00,Baccarat,Morning,9,37.92,341.28000000000003
2024-05-26 19:00:00,Poker,Night,7,42.77,299.39000000000004
2024-05-24 03:00:00,Blackjack,Evening,6,30.11,180.66
2024-05-15 03:00:00,Blackjack,Night,1,24.51,24.51
2024-05-14 18:00:00,Poker,Morning,5,50.89,254.45
2024-05-27 15:00:00,Blackjack,Night,3,30.51,91.53
2024-05-22 01:00:00,Slots,Afternoon,1,32.31,32.31
2024-05-15 11:00:00,Roulette,Night,4,67.39,269.56
2024-05-20 16:00:00,Slots,Afternoon,2,97.01,194.02
2024-05-10 14:00:00,Blackjack,Evening,2,62.35,124.7
2024-05-08 21:00:00,Baccarat,Afternoon,3,12.31,36.93
2024-05-10 08:00:00,Roulette,Night,8,12.18,97.44
2024-05-17 00:00:00,Roulette,Morning,8,95.39,763.12
2024-05-16 16:00:00,Poker,Afternoon,7,33.24,232.68
2024-05-12 18:00:00,Poker,Evening,6,13.75,82.5
2024-05-27 08:00:00,Baccarat,Afternoon,9,61.91,557.1899999999999
2024-05-27 03:00:00,Roulette,Afternoon,4,64.25,257.0
2024-05-11 18:00:00,Baccarat,Afternoon,1,66.61,66.61
2024-05-15 22:00:00,Poker,Evening,8,30.4,243.2
2024-05-19 23:00:00,Poker,Night,7,6.44,45.080000000000005
2024-05-18 02:00:00,Roulette,Afternoon,7,96.68,676.76
2024-05-28 00:00:00,Slots,Afternoon,3,28.83,86.49
2024-05-14 05:00:00,Blackjack,Morning,4,69.22,276.88
2024-05-29 04:00:00,Poker,Evening,9,72.13,649.17
2024-05-10 08:00:00,Poker,Afternoon,6,62.95,377.70000000000005
2024-05-10 17:00:00,Slots,Evening,5,34.73,173.64999999999998
2024-05-29 11:00:00,Slots,Afternoon,3,30.75,92.25
2024-05-28 15:00:00,Baccarat,Night,9,61.78,556.02
2024-05-16 13:00:00,Baccarat,Night,5,87.28,436.4
2024-05-28 23:00:00,Blackjack,Afternoon,5,94.94,474.7
2024-05-26 07:00:00,Blackjack,Night,4,15.06,60.24
2024-05-20 15:00:00,Roulette,Afternoon,4,19.71,78.84
2024-05-10 16:00:00,Baccarat,Night,1,94.75,94.75
2024-05-29 19:00:00,Poker,Morning,7,74.97,524.79
2024-05-05 16:00:00,Baccarat,Morning,9,88.88,799.92
2024-05-21 16:00:00,Poker,Morning,3,24.25,72.75
2024-05-19 09:00:00,Slots,Evening,2,60.82,121.64
2024-05-24 11:00:00,Baccarat,Evening,3,71.61,214.82999999999998
2024-05-12 03:00:00,Slots,Morning,1,69.61,69.61
2024-05-22 05:00:00,Blackjack,Evening,6,43.77,262.62
2024-05-17 01:00:00,Blackjack,Night,7,6.46,45.22
2024-05-17 02:00:00,Roulette,Afternoon,2,60.38,120.76
2024-05-05 16:00:00,Baccarat,Afternoon,8,29.04,232.32
2024-05-26 12:00:00,Slots,Afternoon,6,47.77,286.62
2024-05-27 00:00:00,Poker,Morning,4,95.97,383.88
2024-05-04 08:00:00,Blackjack,Evening,5,42.91,214.54999999999998
2024-05-05 16:00:00,Blackjack,Night,8,84.78,678.24
2024-05-01 01:00:00,Poker,Night,3,22.91,68.73
2024-05-27 17:00:00,Slots,Morning,3,68.88,206.64
2024-05-10 03:00:00,Slots,Night,4,97.82,391.28
2024-05-24 13:00:00,Baccarat,Night,1,14.68,14.68
2024-05-10 08:00:00,Baccarat,Night,9,5.79,52.11
2024-05-17 00:00:00,Roulette,Night,8,46.19,369.52
2024-05-17 18:00:00,Blackjack,Evening,8,13.8,110.4
2024-05-27 13:00:00,Baccarat,Night,6,76.1,456.59999999999997
2024-05-06 09:00:00,Slots,Afternoon,7,91.88,643.16
2024-05-03 04:00:00,Poker,Morning,6,46.23,277.38
2024-05-29 11:00:00,Slots,Evening,9,29.58,266.21999999999997
2024-05-28 23:00:00,Blackjack,Night,3,46.27,138.81
2024-05-18 07:00:00,Slots,Evening,3,73.73,221.19
2024-05-11 06:00:00,Roulette,Night,3,5.86,17.580000000000002
2024-05-19 06:00:00,Blackjack,Afternoon,3,61.0,183.0
2024-05-09 10:00:00,Poker,Morning,9,63.26,569.34
2024-05-08 15:00:00,Roulette,Night,4,65.58,262.32
2024-05-06 02:00:00,Blackjack,Night,7,27.99,195.92999999999998
2024-05-17 16:00:00,Poker,Night,9,72.84,655.5600000000001
2024-05-13 05:00:00,Roulette,Night,7,13.68,95.75999999999999
2024-05-12 15:00:00,Roulette,Morning,9,23.93,215.37
2024-05-26 09:00:00,Blackjack,Morning,3,88.36,265.08
2024-05-09 05:00:00,Baccarat,Afternoon,4,75.18,300.72
2024-05-22 06:00:00,Roulette,Morning,8,6.31,50.48
2024-05-06 23:00:00,Roulette,Night,6,28.6,171.60000000000002
2024-05-26 08:00:00,Poker,Afternoon,5,25.37,126.85000000000001
2024-05-09 08:00:00,Slots,Afternoon,4,30.73,122.92
2024-05-06 03:00:00,Blackjack,Afternoon,8,28.52,228.16
2024-05-08 18:00:00,Blackjack,Night,1,10.94,10.94
2024-05-14 13:00:00,Baccarat,Evening,9,48.6,437.40000000000003
2024-05-20 07:00:00,Baccarat,Night,1,74.61,74.61
2024-05-15 12:00:00,Blackjack,Morning,8,62.64,501.12
2024-05-28 11:00:00,Baccarat,Morning,4,68.92,275.68
2024-05-17 18:00:00,Poker,Night,9,12.71,114.39000000000001
2024-05-15 09:00:00,Blackjack,Night,5,95.39,476.95
2024-05-22 06:00:00,Baccarat,Afternoon,3,84.66,253.98
2024-05-07 02:00:00,Blackjack,Night,9,81.48,733.32
2024-05-07 03:00:00,Slots,Afternoon,9,83.18,748.6200000000001
2024-05-21 08:00:00,Roulette,Morning,4,93.61,374.44
2024-05-27 15:00:00,Blackjack,Afternoon,4,56.7,226.8
2024-05-23 22:00:00,Roulette,Night,8,24.03,192.24
2024-05-15 01:00:00,Baccarat,Morning,2,63.59,127.18
2024-05-27 16:00:00,Roulette,Evening,9,75.57,680.1299999999999
2024-05-20 16:00:00,Blackjack,Afternoon,6,75.1,450.59999999999997
2024-05-07 06:00:00,Slots,Morning,9,54.54,490.86
2024-05-18 06:00:00,Baccarat,Afternoon,8,11.5,92.0
2024-05-13 09:00:00,Blackjack,Morning,7,40.26,281.82
2024-05-26 10:00:00,Baccarat,Morning,1,92.47,92.47
2024-05-11 22:00:00,Poker,Afternoon,3,60.52,181.56
2024-05-06 23:00:00,Roulette,Evening,2,56.14,112.28
2024-05-15 09:00:00,Poker,Morning,5,30.54,152.7
2024-05-26 23:00:00,Blackjack,Morning,5,40.0,200.0
2024-05-24 19:00:00,Slots,Morning,5,90.06,450.3
2024-05-01 01:00:00,Baccarat,Evening,4,68.31,273.24
2024-05-13 15:00:00,Roulette,Evening,5,79.8,399.0
2024-05-11 13:00:00,Baccarat,Night,3,48.16,144.48
2024-05-28 03:00:00,Blackjack,Afternoon,1,64.87,64.87
2024-05-19 20:00:00,Baccarat,Evening,5,28.6,143.0
2024-05-02 12:00:00,Roulette,Afternoon,9,72.02,648.18
2024-05-07 15:00:00,Blackjack,Night,9,45.62,410.58
2024-05-01 08:00:00,Baccarat,Afternoon,4,47.04,188.16
2024-05-10 16:00:00,Slots,Evening,3,66.69,200.07
2024-05-05 02:00:00,Blackjack,Afternoon,1,93.95,93.95
2024-05-28 10:00:00,Blackjack,Evening,2,11.08,22.16
2024-05-09 15:00:00,Slots,Afternoon,8,83.35,666.8
2024-05-06 10:00:00,Poker,Evening,1,32.78,32.78
2024-05-17 19:00:00,Roulette,Evening,8,47.17,377.36
2024-05-07 07:00:00,Poker,Afternoon,7,7.08,49.56
2024-05-03 05:00:00,Baccarat,Night,8,33.6,268.8
2024-05-05 23:00:00,Slots,Morning,6,52.75,316.5
2024-05-29 00:00:00,Poker,Night,9,10.34,93.06
2024-05-27 03:00:00,Blackjack,Afternoon,3,51.65,154.95
2024-05-25 10:00:00,Baccarat,Night,4,93.08,372.32
2024-05-27 00:00:00,Baccarat,Evening,6,15.01,90.06
2024-05-18 11:00:00,Poker,Morning,8,77.62,620.96
2024-05-18 13:00:00,Poker,Afternoon,5,43.92,219.60000000000002
2024-05-05 07:00:00,Slots,Afternoon,3,67.24,201.71999999999997
2024-05-11 13:00:00,Roulette,Afternoon,6,29.72,178.32
2024-05-10 10:00:00,Poker,Morning,4,20.15,80.6
2024-05-05 15:00:00,Poker,Evening,9,20.24,182.16
2024-05-22 05:00:00,Blackjack,Afternoon,3,11.7,35.099999999999994
2024-05-20 16:00:00,Baccarat,Night,4,22.64,90.56
2024-05-05 02:00:00,Roulette,Afternoon,7,68.1,476.69999999999993
2024-05-07 08:00:00,Blackjack,Afternoon,7,88.76,621.32
2024-05-15 01:00:00,Slots,Afternoon,4,82.34,329.36
2024-05-07 18:00:00,Slots,Afternoon,6,70.09,420.54
2024-05-29 08:00:00,Poker,Evening,3,15.49,46.47
2024-05-07 16:00:00,Poker,Night,6,32.47,194.82
2024-05-25 03:00:00,Slots,Evening,2,34.43,68.86
2024-05-17 13:00:00,Poker,Night,8,28.75,230.0
2024-05-12 12:00:00,Roulette,Afternoon,2,53.93,107.86
2024-05-21 23:00:00,Poker,Morning,7,55.88,391.16
2024-05-17 07:00:00,Baccarat,Evening,9,38.9,350.09999999999997
2024-05-06 14:00:00,Poker,Morning,1,38.61,38.61
2024-05-09 02:00:00,Blackjack,Evening,8,83.71,669.68
2024-05-17 16:00:00,Roulette,Afternoon,7,79.98,559.86
2024-05-27 15:00:00,Blackjack,Evening,6,34.24,205.44
2024-05-02 08:00:00,Blackjack,Afternoon,6,91.81,550.86
2024-05-29 15:00:00,Baccarat,Evening,6,95.52,573.12
2024-05-20 03:00:00,Roulette,Afternoon,9,36.04,324.36
2024-05-20 13:00:00,Roulette,Afternoon,2,38.67,77.34
2024-05-16 14:00:00,Roulette,Night,1,53.04,53.04
2024-05-01 21:00:00,Roulette,Afternoon,6,94.41,566.46
2024-05-28 21:00:00,Roulette,Night,8,88.25,706.0
2024-05-02 13:00:00,Baccarat,Afternoon,3,14.74,44.22
2024-05-10 13:00:00,Poker,Morning,1,42.31,42.31
2024-05-16 04:00:00,Blackjack,Afternoon,9,57.57,518.13
2024-05-24 10:00:00,Roulette,Morning,1,52.8,52.8
2024-05-19 05:00:00,Poker,Morning,3,23.42,70.26
2024-05-12 18:00:00,Poker,Afternoon,8,86.59,692.72
2024-05-02 02:00:00,Blackjack,Morning,3,69.31,207.93
2024-05-10 09:00:00,Baccarat,Night,4,84.6,338.4
2024-05-12 12:00:00,Slots,Evening,8,86.58,692.64
2024-05-26 08:00:00,Slots,Afternoon,1,76.09,76.09
2024-05-12 19:00:00,Poker,Morning,6,46.73,280.38
2024-05-21 00:00:00,Blackjack,Afternoon,1,63.0,63.0
2024-05-19 20:00:00,Slots,Night,1,20.23,20.23
2024-05-28 10:00:00,Poker,Afternoon,8,69.0,552.0
2024-05-22 11:00:00,Baccarat,Afternoon,4,22.03,88.12
2024-05-23 18:00:00,Slots,Morning,1,70.93,70.93
2024-05-08 23:00:00,Poker,Night,7,26.81,187.67
2024-05-03 00:00:00,Poker,Evening,5,16.17,80.85000000000001
2024-05-22 07:00:00,Roulette,Evening,5,20.7,103.5
2024-05-01 16:00:00,Baccarat,Morning,1,5.19,5.19
2024-05-08 03:00:00,Roulette,Afternoon,6,73.28,439.68
2024-05-10 03:00:00,Blackjack,Morning,9,74.58,671.22
2024-05-07 13:00:00,Roulette,Morning,9,53.92,485.28000000000003
2024-05-20 20:00:00,Roulette,Morning,8,20.33,162.64
2024-05-02 21:00:00,Slots,Afternoon,5,12.94,64.7
2024-05-16 12:00:00,Poker,Night,1,6.82,6.82
2024-05-22 13:00:00,Baccarat,Morning,9,20.75,186.75
2024-05-05 02:00:00,Roulette,Afternoon,1,89.63,89.63
2024-05-02 12:00:00,Baccarat,Night,8,27.95,223.6
2024-05-12 15:00:00,Roulette,Morning,5,38.66,193.29999999999998
2024-05-15 12:00:00,Blackjack,Evening,3,15.01,45.03
2024-05-21 16:00:00,Roulette,Night,7,26.12,182.84
2024-05-13 13:00:00,Slots,Morning,7,54.33,380.31
2024-05-08 12:00:00,Poker,Night,9,62.74,564.66
2024-05-26 06:00:00,Blackjack,Night,7,28.31,198.17
2024-05-05 02:00:00,Roulette,Night,3,10.48,31.44
2024-05-05 19:00:00,Baccarat,Night,1,42.15,42.15
2024-05-08 22:00:00,Blackjack,Night,8,27.25,218.0
2024-05-11 12:00:00,Blackjack,Night,3,25.86,77.58
2024-05-07 16:00:00,Roulette,Morning,8,96.19,769.52
2024-05-11 15:00:00,Blackjack,Evening,8,63.55,508.4
2024-05-14 10:00:00,Baccarat,Afternoon,5,57.9,289.5
2024-05-06 07:00:00,Blackjack,Night,1,44.5,44.5
2024-05-01 17:00:00,Baccarat,Afternoon,7,45.75,320.25
2024-05-24 13:00:00,Roulette,Morning,5,56.39,281.95
2024-05-24 17:00:00,Poker,Night,8,71.16,569.28
2024-05-14 10:00:00,Blackjack,Evening,9,71.7,645.3000000000001
2024-05-29 13:00:00,Poker,Afternoon,7,21.31,149.17
2024-05-27 01:00:00,Baccarat,Night,7,52.51,367.57
2024-05-12 23:00:00,Blackjack,Morning,1,44.14,44.14
2024-05-28 14:00:00,Slots,Evening,4,87.7,350.8
2024-05-27 14:00:00,Poker,Afternoon,2,64.98,129.96
2024-05-07 10:00:00,Blackjack,Afternoon,2,55.59,111.18
2024-05-21 09:00:00,Poker,Night,2,15.96,31.92
2024-05-17 01:00:00,Blackjack,Evening,4,62.54,250.16
2024-05-05 07:00:00,Roulette,Evening,1,16.13,16.13
2024-05-17 08:00:00,Poker,Evening,4,37.03,148.12
2024-05-11 05:00:00,Slots,Evening,2,18.57,37.14
2024-05-08 07:00:00,Slots,Morning,5,70.75,353.75
2024-05-02 14:00:00,Baccarat,Evening,3,24.59,73.77
2024-05-20 20:00:00,Blackjack,Afternoon,8,42.23,337.84
2024-05-29 09:00:00,Poker,Afternoon,4,90.09,360.36
2024-05-23 09:00:00,Baccarat,Morning,1,24.41,24.41
2024-05-17 23:00:00,Poker,Afternoon,1,53.24,53.24
2024-05-22 20:00:00,Blackjack,Afternoon,3,44.83,134.49
2024-05-22 01:00:00,Slots,Evening,9,6.72,60.48
2024-05-02 11:00:00,Roulette,Afternoon,7,80.31,562.1700000000001
2024-05-29 12:00:00,Slots,Morning,2,11.56,23.12
2024-05-01 19:00:00,Baccarat,Evening,9,50.05,450.45
2024-05-14 08:00:00,Roulette,Night,2,58.26,116.52
2024-05-22 07:00:00,Baccarat,Evening,3,64.7,194.10000000000002
2024-05-17 15:00:00,Blackjack,Morning,2,70.42,140.84
2024-05-28 05:00:00,Roulette,Evening,3,29.06,87.17999999999999
2024-05-20 14:00:00,Baccarat,Evening,6,5.95,35.7
2024-05-06 22:00:00,Blackjack,Morning,9,73.73,663.57
2024-05-04 19:00:00,Slots,Evening,9,55.89,503.01
2024-05-15 17:00:00,Blackjack,Morning,7,84.43,591.01
2024-05-03 02:00:00,Poker,Morning,3,83.03,249.09
2024-05-28 16:00:00,Blackjack,Night,4,85.12,340.48
2024-05-24 22:00:00,Blackjack,Afternoon,6,51.08,306.48
2024-05-08 21:00:00,Poker,Afternoon,5,36.69,183.45
2024-05-06 04:00:00,Baccarat,Evening,2,80.2,160.4
2024-05-07 05:00:00,Baccarat,Evening,6,47.87,287.21999999999997
2024-05-14 01:00:00,Blackjack,Night,3,22.43,67.28999999999999
2024-05-24 17:00:00,Poker,Night,8,86.22,689.76
2024-05-15 05:00:00,Poker,Night,2,88.84,177.68
2024-05-13 16:00:00,Slots,Morning,1,49.3,49.3
2024-05-29 19:00:00,Baccarat,Night,9,12.19,109.71
2024-05-29 09:00:00,Roulette,Night,3,41.84,125.52000000000001
2024-05-03 05:00:00,Baccarat,Evening,1,81.34,81.34
2024-05-19 11:00:00,Baccarat,Night,7,90.67,634.69
2024-05-26 12:00:00,Slots,Morning,5,24.33,121.64999999999999
2024-05-11 23:00:00,Roulette,Morning,5,11.36,56.8
2024-05-03 04:00:00,Slots,Evening,1,88.35,88.35
2024-05-24 19:00:00,Roulette,Night,9,41.99,377.91
2024-05-26 19:00:00,Blackjack,Night,7,56.47,395.28999999999996
2024-05-01 04:00:00,Roulette,Morning,8,96.97,775.76
2024-05-05 06:00:00,Slots,Night,9,11.32,101.88
2024-05-09 03:00:00,Baccarat,Night,6,66.59,399.54
2024-05-15 13:00:00,Roulette,Night,5,12.04,60.199999999999996
2024-05-02 22:00:00,Roulette,Afternoon,6,40.67,244.02
2024-05-28 07:00:00,Poker,Evening,2,81.36,162.72
2024-05-12 04:00:00,Baccarat,Afternoon,4,46.18,184.72
2024-05-16 09:00:00,Blackjack,Evening,3,99.73,299.19
2024-05-27 11:00:00,Slots,Morning,7,58.11,406.77
2024-05-05 09:00:00,Blackjack,Night,9,35.51,319.59
2024-05-28 21:00:00,Baccarat,Evening,5,25.91,129.55
2024-05-28 10:00:00,Roulette,Afternoon,6,38.3,229.79999999999998
2024-05-28 08:00:00,Roulette,Night,2,40.39,80.78
2024-05-05 23:00:00,Baccarat,Morning,3,11.53,34.589999999999996
2024-05-26 03:00:00,Roulette,Evening,3,40.11,120.33
2024-05-03 09:00:00,Roulette,Evening,9,49.1,441.90000000000003
2024-05-15 09:00:00,Roulette,Evening,7,73.66,515.62
2024-05-20 17:00:00,Slots,Night,8,67.39,539.12
2024-05-05 20:00:00,Slots,Afternoon,9,72.33,650.97
2024-05-06 06:00:00,Poker,Afternoon,6,5.79,34.74
2024-05-17 08:00:00,Blackjack,Evening,4,25.68,102.72
2024-05-27 16:00:00,Baccarat,Morning,1,67.86,67.86
2024-05-03 09:00:00,Baccarat,Morning,8,50.98,407.84
2024-05-27 09:00:00,Baccarat,Afternoon,7,5.5,38.5
2024-05-22 08:00:00,Poker,Morning,2,81.43,162.86
2024-05-04 23:00:00,Slots,Afternoon,8,78.42,627.36
2024-05-27 13:00:00,Poker,Evening,5,57.1,285.5
2024-05-05 21:00:00,Baccarat,Afternoon,7,11.31,79.17
2024-05-24 07:00:00,Blackjack,Afternoon,4,77.82,311.28
2024-05-26 00:00:00,Roulette,Evening,5,60.45,302.25
2024-05-21 07:00:00,Slots,Morning,8,79.29,634.32
2024-05-10 20:00:00,Slots,Afternoon,1,76.42,76.42
2024-05-12 07:00:00,Poker,Afternoon,1,81.29,81.29
2024-05-08 20:00:00,Slots,Evening,4,54.21,216.84
2024-05-19 14:00:00,Baccarat,Morning,3,18.33,54.989999999999995
2024-05-25 04:00:00,Baccarat,Afternoon,2,68.76,137.52
2024-05-11 06:00:00,Poker,Evening,3,63.95,191.85000000000002
2024-05-04 03:00:00,Baccarat,Afternoon,1,75.51,75.51
2024-05-07 09:00:00,Blackjack,Night,1,21.14,21.14
2024-05-28 07:00:00,Poker,Evening,6,23.52,141.12
2024-05-19 02:00:00,Blackjack,Morning,5,89.59,447.95000000000005
2024-05-04 13:00:00,Roulette,Morning,8,76.25,610.0
2024-05-30 00:00:00,Blackjack,Morning,2,91.28,182.56
2024-05-12 20:00:00,Roulette,Morning,4,77.08,308.32
2024-05-10 03:00:00,Roulette,Afternoon,8,61.73,493.84
2024-05-03 20:00:00,Blackjack,Afternoon,6,67.14,402.84000000000003
2024-05-02 22:00:00,Poker,Morning,1,89.47,89.47
2024-05-04 21:00:00,Baccarat,Morning,4,59.99,239.96
2024-05-19 20:00:00,Baccarat,Morning,1,65.08,65.08
2024-05-09 11:00:00,Roulette,Afternoon,2,19.87,39.74
2024-05-10 01:00:00,Roulette,Morning,5,50.02,250.10000000000002
2024-05-20 17:00:00,Poker,Morning,8,73.06,584.48
2024-05-18 23:00:00,Slots,Night,8,30.74,245.92
2024-05-15 04:00:00,Blackjack,Night,3,24.21,72.63
2024-05-23 22:00:00,Roulette,Morning,4,34.81,139.24
2024-05-26 11:00:00,Baccarat,Evening,6,27.94,167.64000000000001
2024-05-13 00:00:00,Poker,Morning,3,25.42,76.26
2024-05-11 13:00:00,Blackjack,Night,2,45.36,90.72
2024-05-15 20:00:00,Poker,Evening,6,91.24,547.4399999999999
2024-05-01 22:00:00,Blackjack,Evening,5,53.17,265.85
2024-05-22 17:00:00,Blackjack,Morning,5,22.85,114.25
2024-05-05 03:00:00,Roulette,Night,5,12.31,61.550000000000004
2024-05-08 11:00:00,Poker,Night,5,71.13,355.65
2024-05-10 06:00:00,Poker,Evening,3,41.37,124.10999999999999
2024-05-28 10:00:00,Baccarat,Morning,7,83.07,581.49
2024-05-19 09:00:00,Baccarat,Afternoon,6,67.65,405.90000000000003
2024-05-26 07:00:00,Roulette,Afternoon,4,80.64,322.56
2024-05-14 12:00:00,Roulette,Night,2,30.83,61.66
2024-05-22 11:00:00,Slots,Afternoon,9,70.77,636.93
2024-05-01 15:00:00,Baccarat,Night,1,30.09,30.09
2024-05-14 23:00:00,Blackjack,Night,4,94.21,376.84
2024-05-11 17:00:00,Poker,Night,1,65.46,65.46
2024-05-21 16:00:00,Roulette,Afternoon,6,35.83,214.98
2024-05-07 15:00:00,Poker,Night,4,30.6,122.4
2024-05-20 18:00:00,Poker,Evening,5,23.14,115.7
2024-05-28 15:00:00,Slots,Morning,5,70.99,354.95
2024-05-29 17:00:00,Baccarat,Morning,9,25.78,232.02
2024-05-29 02:00:00,Roulette,Night,1,61.55,61.55
2024-05-16 19:00:00,Poker,Morning,2,30.14,60.28
2024-05-23 16:00:00,Roulette,Afternoon,6,67.89,407.34000000000003
2024-05-29 18:00:00,Blackjack,Afternoon,5,82.42,412.1
2024-05-18 18:00:00,Slots,Morning,7,78.91,552.37
2024-05-26 12:00:00,Blackjack,Afternoon,3,77.28,231.84
2024-05-12 03:00:00,Roulette,Morning,3,22.83,68.49
2024-05-25 00:00:00,Roulette,Morning,2,13.4,26.8
2024-05-18 08:00:00,Baccarat,Morning,3,71.4,214.20000000000002
2024-05-07 23:00:00,Poker,Night,1,39.99,39.99
2024-05-02 18:00:00,Poker,Morning,5,46.07,230.35
2024-05-24 03:00:00,Blackjack,Night,5,7.96,39.8
2024-05-12 20:00:00,Slots,Morning,7,29.66,207.62
2024-05-17 12:00:00,Poker,Morning,4,8.2,32.8
2024-05-01 11:00:00,Baccarat,Morning,3,88.52,265.56
2024-05-26 06:00:00,Blackjack,Afternoon,1,28.12,28.12
2024-05-13 13:00:00,Blackjack,Night,8,57.95,463.6
2024-05-11 12:00:00,Baccarat,Night,3,8.7,26.099999999999998
2024-05-21 18:00:00,Slots,Morning,2,68.35,136.7
2024-05-02 10:00:00,Baccarat,Morning,4,35.69,142.76
2024-05-04 17:00:00,Slots,Afternoon,3,90.3,270.9
2024-05-26 04:00:00,Baccarat,Afternoon,1,89.37,89.37
2024-05-26 01:00:00,Baccarat,Afternoon,3,35.9,107.69999999999999
2024-05-18 09:00:00,Roulette,Night,2,90.59,181.18
2024-05-05 18:00:00,Blackjack,Night,8,99.63,797.04
2024-05-26 16:00:00,Baccarat,Night,6,83.41,500.46
2024-05-09 03:00:00,Baccarat,Morning,9,85.26,767.34
2024-05-21 20:00:00,Poker,Night,8,28.66,229.28
2024-05-27 01:00:00,Blackjack,Evening,3,59.79,179.37
2024-05-21 12:00:00,Poker,Evening,5,11.39,56.95
2024-05-04 02:00:00,Blackjack,Afternoon,7,14.02,98.14
2024-05-18 04:00:00,Poker,Night,5,99.89,499.45
2024-05-16 15:00:00,Baccarat,Evening,8,36.03,288.24
2024-05-18 11:00:00,Baccarat,Afternoon,5,76.08,380.4
2024-05-12 12:00:00,Roulette,Night,1,81.63,81.63
2024-05-29 03:00:00,Poker,Morning,5,86.51,432.55
2024-05-17 09:00:00,Slots,Evening,4,99.77,399.08
2024-05-20 00:00:00,Roulette,Morning,6,27.94,167.64000000000001
2024-05-08 23:00:00,Poker,Night,3,8.83,26.490000000000002
2024-05-29 16:00:00,Poker,Evening,5,44.06,220.3
2024-05-05 02:00:00,Roulette,Night,2,17.36,34.72
2024-05-23 19:00:00,Baccarat,Morning,6,7.13,42.78
2024-05-04 23:00:00,Poker,Evening,6,39.24,235.44
2024-05-28 15:00:00,Baccarat,Morning,5,79.46,397.29999999999995
2024-05-28 14:00:00,Roulette,Night,6,58.79,352.74
2024-05-08 21:00:00,Baccarat,Night,7,34.71,242.97
2024-05-02 12:00:00,Blackjack,Morning,5,67.16,335.79999999999995
2024-05-16 08:00:00,Slots,Evening,1,27.04,27.04
2024-05-29 22:00:00,Poker,Morning,8,6.37,50.96
2024-05-22 20:00:00,Slots,Night,4,77.61,310.44
2024-05-12 14:00:00,Baccarat,Morning,9,64.26,578.34
2024-05-10 00:00:00,Poker,Night,6,77.42,464.52
2024-05-12 08:00:00,Baccarat,Morning,1,8.7,8.7
2024-05-03 13:00:00,Blackjack,Evening,3,84.53,253.59
2024-05-25 19:00:00,Roulette,Evening,3,63.85,191.55
2024-05-15 05:00:00,Poker,Morning,4,58.52,234.08
2024-05-17 12:00:00,Blackjack,Morning,6,64.34,386.04
2024-05-01 18:00:00,Blackjack,Evening,7,87.12,609.84
2024-05-08 08:00:00,Poker,Night,4,60.76,243.04
2024-05-26 11:00:00,Baccarat,Evening,6,60.19,361.14
2024-05-17 11:00:00,Blackjack,Night,1,99.11,99.11
2024-05-19 12:00:00,Slots,Morning,8,76.89,615.12
2024-05-10 16:00:00,Blackjack,Morning,7,47.02,329.14000000000004
2024-05-04 03:00:00,Baccarat,Night,9,72.2,649.8000000000001
2024-05-12 00:00:00,Baccarat,Morning,3,41.98,125.94
2024-05-19 22:00:00,Slots,Night,2,26.74,53.48
2024-05-16 23:00:00,Blackjack,Afternoon,1,61.7,61.7
2024-05-24 11:00:00,Baccarat,Evening,3,93.18,279.54
2024-05-22 01:00:00,Poker,Afternoon,5,93.27,466.34999999999997
2024-05-16 06:00:00,Roulette,Night,2,37.48,74.96
2024-05-06 23:00:00,Roulette,Evening,3,55.13,165.39000000000001
2024-05-03 20:00:00,Roulette,Night,4,25.11,100.44
2024-05-05 02:00:00,Blackjack,Evening,7,99.58,697.06
2024-05-17 11:00:00,Slots,Evening,3,98.21,294.63
2024-05-02 00:00:00,Baccarat,Evening,9,66.7,600.3000000000001
2024-05-20 12:00:00,Poker,Evening,8,81.42,651.36
2024-05-21 03:00:00,Poker,Night,4,72.93,291.72
2024-05-24 12:00:00,Blackjack,Evening,1,61.35,61.35
2024-05-07 06:00:00,Roulette,Evening,1,10.07,10.07
2024-05-06 23:00:00,Blackjack,Afternoon,1,48.2,48.2
2024-05-24 16:00:00,Slots,Morning,1,69.1,69.1
2024-05-02 14:00:00,Slots,Morning,8,69.37,554.96
2024-05-05 12:00:00,Baccarat,Afternoon,3,40.45,121.35000000000001
2024-05-29 20:00:00,Baccarat,Afternoon,6,94.46,566.76
2024-05-02 17:00:00,Slots,Night,3,20.9,62.699999999999996
2024-05-08 17:00:00,Slots,Night,5,52.53,262.65
2024-05-17 13:00:00,Slots,Night,7,70.63,494.40999999999997
2024-05-10 06:00:00,Blackjack,Afternoon,2,71.23,142.46
2024-05-27 09:00:00,Slots,Afternoon,6,66.62,399.72
2024-05-06 12:00:00,Poker,Evening,6,31.15,186.89999999999998
2024-05-07 18:00:00,Roulette,Night,3,19.84,59.519999999999996
2024-05-09 22:00:00,Slots,Night,6,65.41,392.46
2024-05-10 18:00:00,Roulette,Night,5,61.93,309.65
2024-05-28 09:00:00,Blackjack,Morning,2,22.04,44.08
2024-05-25 11:00:00,Roulette,Evening,9,71.99,647.91
2024-05-01 08:00:00,Blackjack,Night,8,48.24,385.92
2024-05-04 01:00:00,Poker,Night,3,68.44,205.32
2024-05-21 11:00:00,Blackjack,Night,8,84.55,676.4
2024-05-11 12:00:00,Blackjack,Morning,9,21.12,190.08
2024-05-10 13:00:00,Baccarat,Morning,3,6.82,20.46
2024-05-22 14:00:00,Slots,Afternoon,3,79.01,237.03000000000003
2024-05-08 05:00:00,Slots,Evening,2,62.92,125.84
2024-05-28 04:00:00,Poker,Afternoon,8,71.47,571.76
2024-05-07 23:00:00,Poker,Evening,1,84.62,84.62
2024-05-08 01:00:00,Slots,Morning,8,81.27,650.16
2024-05-17 08:00:00,Baccarat,Night,7,96.29,674.0300000000001
2024-05-27 09:00:00,Slots,Afternoon,7,55.91,391.37
2024-05-09 01:00:00,Baccarat,Night,3,51.41,154.23
2024-05-22 12:00:00,Poker,Afternoon,1,43.18,43.18
2024-05-02 04:00:00,Roulette,Morning,4,19.6,78.4
2024-05-07 20:00:00,Poker,Morning,9,59.4,534.6
2024-05-18 13:00:00,Poker,Morning,5,31.32,156.6
2024-05-15 02:00:00,Blackjack,Afternoon,1,92.52,92.52
2024-05-27 23:00:00,Blackjack,Evening,5,60.4,302.0
2024-05-21 15:00:00,Blackjack,Afternoon,8,61.32,490.56
2024-05-16 04:00:00,Blackjack,Evening,8,38.72,309.76
2024-05-15 05:00:00,Baccarat,Afternoon,5,9.94,49.699999999999996
2024-05-21 19:00:00,Slots,Afternoon,9,8.02,72.17999999999999
2024-05-28 08:00:00,Roulette,Morning,1,45.22,45.22
2024-05-22 06:00:00,Poker,Night,4,13.03,52.12
2024-05-14 14:00:00,Baccarat,Night,3,62.65,187.95
2024-05-10 00:00:00,Roulette,Evening,2,88.69,177.38
2024-05-13 12:00:00,Baccarat,Night,8,88.88,711.04
2024-05-06 11:00:00,Baccarat,Afternoon,7,67.61,473.27
2024-05-03 21:00:00,Poker,Afternoon,9,25.07,225.63
2024-05-11 11:00:00,Slots,Morning,2,86.98,173.96
2024-05-18 06:00:00,Blackjack,Morning,4,89.18,356.72
2024-05-19 12:00:00,Slots,Night,6,23.68,142.07999999999998
2024-05-08 13:00:00,Poker,Evening,3,75.06,225.18
2024-05-07 22:00:00,Poker,Night,8,32.22,257.76
2024-05-04 18:00:00,Poker,Night,3,81.25,243.75
2024-05-23 02:00:00,Roulette,Night,2,99.74,199.48
2024-05-02 14:00:00,Slots,Night,3,7.85,23.549999999999997
2024-05-06 05:00:00,Slots,Afternoon,6,90.25,541.5
2024-05-19 18:00:00,Baccarat,Evening,2,64.15,128.3
2024-05-08 04:00:00,Baccarat,Afternoon,8,97.47,779.76
2024-05-28 04:00:00,Baccarat,Evening,1,49.18,49.18
2024-05-10 03:00:00,Poker,Morning,7,85.5,598.5
2024-05-27 13:00:00,Slots,Night,2,10.93,21.86
2024-05-03 09:00:00,Poker,Afternoon,6,36.85,221.10000000000002
2024-05-28 11:00:00,Roulette,Evening,2,11.37,22.74
2024-05-20 19:00:00,Baccarat,Morning,2,97.66,195.32
2024-05-19 23:00:00,Poker,Morning,8,82.61,660.88
2024-05-16 00:00:00,Poker,Night,2,85.99,171.98
2024-05-01 00:00:00,Roulette,Evening,7,94.11,658.77
2024-05-17 02:00:00,Blackjack,Afternoon,3,13.08,39.24
2024-05-15 11:00:00,Slots,Night,8,41.63,333.04
2024-05-08 21:00:00,Blackjack,Afternoon,7,11.75,82.25
2024-05-22 00:00:00,Baccarat,Morning,8,25.03,200.24
2024-05-08 22:00:00,Poker,Afternoon,7,26.79,187.53
2024-05-22 03:00:00,Roulette,Afternoon,6,49.57,297.42
2024-05-16 08:00:00,Roulette,Night,7,30.51,213.57000000000002
2024-05-18 00:00:00,Slots,Afternoon,5,14.59,72.95
2024-05-05 20:00:00,Blackjack,Night,7,20.91,146.37
2024-05-06 13:00:00,Slots,Morning,1,18.99,18.99
2024-05-03 09:00:00,Poker,Night,1,97.44,97.44
2024-05-24 03:00:00,Slots,Night,9,77.13,694.17
2024-05-29 12:00:00,Roulette,Evening,5,96.94,484.7
2024-05-28 23:00:00,Roulette,Afternoon,5,46.78,233.9
2024-05-08 04:00:00,Baccarat,Morning,3,31.45,94.35
2024-05-07 04:00:00,Baccarat,Night,5,80.84,404.20000000000005
2024-05-04 07:00:00,Poker,Morning,3,35.99,107.97
2024-05-09 20:00:00,Blackjack,Evening,9,33.44,300.96
2024-05-09 10:00:00,Slots,Afternoon,9,27.09,243.81
2024-05-10 12:00:00,Poker,Night,6,17.32,103.92
2024-05-29 03:00:00,Baccarat,Afternoon,1,29.36,29.36
2024-05-10 10:00:00,Slots,Evening,7,38.76,271.32
2024-05-28 10:00:00,Baccarat,Evening,7,69.03,483.21000000000004
2024-05-23 03:00:00,Slots,Morning,4,10.94,43.76
2024-05-19 08:00:00,Blackjack,Night,8,25.0,200.0
2024-05-17 17:00:00,Poker,Morning,6,81.86,491.15999999999997
2024-05-02 22:00:00,Slots,Evening,4,18.96,75.84
2024-05-10 16:00:00,Roulette,Afternoon,4,37.55,150.2
2024-05-13 16:00:00,Roulette,Morning,2,87.14,174.28
2024-05-22 21:00:00,Slots,Morning,2,19.72,39.44
2024-05-06 22:00:00,Slots,Afternoon,4,12.86,51.44
2024-05-18 06:00:00,Slots,Morning,5,51.03,255.15
2024-05-22 08:00:00,Roulette,Afternoon,8,33.73,269.84
2024-05-16 12:00:00,Roulette,Night,6,58.52,351.12
2024-05-24 13:00:00,Slots,Afternoon,4,81.36,325.44
2024-05-11 18:00:00,Baccarat,Night,7,18.03,126.21000000000001
2024-05-28 07:00:00,Baccarat,Afternoon,8,60.17,481.36
2024-05-20 14:00:00,Blackjack,Evening,2,53.02,106.04
2024-05-01 11:00:00,Poker,Evening,7,18.69,130.83
2024-05-14 17:00:00,Baccarat,Night,2,64.28,128.56
2024-05-15 21:00:00,Roulette,Night,2,31.0,62.0
2024-05-17 23:00:00,Baccarat,Evening,8,51.34,410.72
2024-05-28 19:00:00,Blackjack,Night,2,12.82,25.64
2024-05-16 12:00:00,Blackjack,Afternoon,9,48.66,437.93999999999994
2024-05-01 07:00:00,Poker,Afternoon,1,34.11,34.11
2024-05-06 01:00:00,Baccarat,Evening,9,83.13,748.17
2024-05-15 11:00:00,Roulette,Morning,1,10.41,10.41
2024-05-29 03:00:00,Roulette,Afternoon,2,44.77,89.54
2024-05-04 17:00:00,Slots,Night,6,48.55,291.29999999999995
2024-05-27 23:00:00,Roulette,Morning,6,73.88,443.28
2024-05-14 03:00:00,Poker,Morning,1,59.56,59.56
2024-05-08 09:00:00,Poker,Afternoon,7,68.39,478.73
2024-05-23 11:00:00,Roulette,Afternoon,8,78.82,630.56
2024-05-02 16:00:00,Roulette,Morning,2,86.91,173.82
2024-05-21 21:00:00,Slots,Morning,8,34.82,278.56
2024-05-07 00:00:00,Roulette,Evening,9,56.11,504.99
2024-05-09 08:00:00,Slots,Night,6,84.81,508.86
2024-05-20 04:00:00,Slots,Evening,5,99.0,495.0
2024-05-24 05:00:00,Roulette,Afternoon,9,89.5,805.5
2024-05-23 18:00:00,Blackjack,Evening,9,40.29,362.61
2024-05-11 12:00:00,Blackjack,Evening,1,23.54,23.54
2024-05-17 05:00:00,Slots,Evening,3,51.49,154.47
2024-05-25 17:00:00,Roulette,Evening,9,75.46,679.14
2024-05-11 15:00:00,Blackjack,Night,2,51.79,103.58
2024-05-19 17:00:00,Roulette,Night,4,50.9,203.6
2024-05-01 09:00:00,Roulette,Morning,4,84.63,338.52
2024-05-11 01:00:00,Roulette,Afternoon,2,39.33,78.66
2024-05-11 10:00:00,Baccarat,Evening,3,86.68,260.04
2024-05-01 04:00:00,Roulette,Morning,3,43.65,130.95
2024-05-05 22:00:00,Baccarat,Morning,1,36.18,36.18
2024-05-16 13:00:00,Slots,Morning,6,48.13,288.78000000000003
2024-05-03 16:00:00,Blackjack,Night,8,77.43,619.44
2024-05-07 01:00:00,Blackjack,Evening,3,16.97,50.91
2024-05-10 07:00:00,Blackjack,Evening,5,23.66,118.3
2024-05-10 22:00:00,Blackjack,Afternoon,1,95.39,95.39
2024-05-08 08:00:00,Blackjack,Evening,7,21.67,151.69
2024-05-12 17:00:00,Blackjack,Evening,1,58.93,58.93
2024-05-03 14:00:00,Blackjack,Morning,9,60.03,540.27
2024-05-10 00:00:00,Slots,Afternoon,8,51.51,412.08
2024-05-29 16:00:00,Roulette,Evening,7,66.25,463.75
2024-05-20 04:00:00,Poker,Night,7,26.83,187.81
2024-05-26 09:00:00,Baccarat,Evening,5,57.5,287.5
2024-05-05 08:00:00,Poker,Morning,5,40.36,201.8
2024-05-05 02:00:00,Poker,Night,5,67.86,339.3
2024-05-22 06:00:00,Roulette,Morning,1,18.42,18.42
2024-05-17 00:00:00,Roulette,Evening,8,59.23,473.84
2024-05-17 20:00:00,Roulette,Night,1,22.6,22.6
2024-05-22 13:00:00,Blackjack,Afternoon,4,31.47,125.88
2024-05-20 19:00:00,Slots,Afternoon,9,25.78,232.02
2024-05-27 20:00:00,Blackjack,Night,9,22.37,201.33
2024-05-19 04:00:00,Slots,Night,5,83.44,417.2
2024-05-01 22:00:00,Slots,Morning,4,32.14,128.56
2024-05-24 12:00:00,Poker,Night,3,93.08,279.24
2024-05-29 04:00:00,Poker,Morning,3,97.14,291.42
2024-05-20 01:00:00,Slots,Evening,5,59.27,296.35
2024-05-04 10:00:00,Slots,Morning,1,18.59,18.59
2024-05-07 00:00:00,Blackjack,Night,5,40.58,202.89999999999998
2024-05-04 12:00:00,Blackjack,Night,6,80.78,484.68
2024-05-04 05:00:00,Poker,Evening,7,39.9,279.3
2024-05-20 00:00:00,Roulette,Night,9,13.27,119.42999999999999
2024-05-01 00:00:00,Slots,Night,3,57.89,173.67000000000002
2024-05-03 02:00:00,Blackjack,Afternoon,2,85.29,170.58
2024-05-29 12:00:00,Poker,Afternoon,3,80.61,241.82999999999998
2024-05-19 13:00:00,Blackjack,Evening,9,21.64,194.76
2024-05-19 16:00:00,Slots,Morning,7,68.91,482.37
2024-05-21 07:00:00,Slots,Afternoon,9,25.95,233.54999999999998
2024-05-02 09:00:00,Baccarat,Morning,2,25.73,51.46
2024-05-15 11:00:00,Roulette,Night,5,88.04,440.20000000000005
2024-05-04 22:00:00,Baccarat,Afternoon,4,28.72,114.88
2024-05-03 23:00:00,Poker,Evening,2,30.01,60.02
2024-05-23 22:00:00,Blackjack,Evening,9,5.06,45.54
2024-05-07 09:00:00,Poker,Evening,9,87.71,789.39
2024-05-11 09:00:00,Slots,Afternoon,6,80.3,481.79999999999995
2024-05-29 01:00:00,Baccarat,Morning,6,64.6,387.59999999999997
2024-05-19 05:00:00,Baccarat,Night,8,76.28,610.24
2024-05-05 21:00:00,Baccarat,Morning,6,19.44,116.64000000000001
2024-05-13 17:00:00,Poker,Morning,1,48.54,48.54
2024-05-12 03:00:00,Slots,Night,4,38.37,153.48
2024-05-03 05:00:00,Blackjack,Night,7,13.91,97.37
2024-05-10 19:00:00,Blackjack,Afternoon,2,51.18,102.36
2024-05-17 04:00:00,Poker,Afternoon,9,92.47,832.23
2024-05-17 16:00:00,Baccarat,Afternoon,8,8.81,70.48
2024-05-26 23:00:00,Roulette,Afternoon,8,32.69,261.52
2024-05-13 14:00:00,Poker,Afternoon,7,24.72,173.04
2024-05-09 14:00:00,Poker,Night,4,27.62,110.48
2024-05-10 12:00:00,Slots,Morning,2,91.3,182.6
2024-05-25 01:00:00,Blackjack,Afternoon,3,49.47,148.41
2024-05-04 02:00:00,Poker,Afternoon,6,49.3,295.79999999999995
2024-05-19 02:00:00,Poker,Morning,5,77.25,386.25
2024-05-05 06:00:00,Baccarat,Afternoon,8,19.68,157.44
2024-05-18 13:00:00,Baccarat,Morning,6,51.29,307.74
2024-05-13 17:00:00,Roulette,Morning,6,45.85,275.1
2024-05-05 01:00:00,Slots,Night,1,61.71,61.71
2024-05-14 22:00:00,Roulette,Evening,4,99.96,399.84
2024-05-19 02:00:00,Baccarat,Night,5,78.1,390.5
2024-05-19 14:00:00,Blackjack,Evening,3,42.8,128.39999999999998
2024-05-13 19:00:00,Baccarat,Evening,9,83.62,752.58
2024-05-11 08:00:00,Slots,Evening,1,21.22,21.22
2024-05-07 21:00:00,Baccarat,Afternoon,6,7.89,47.339999999999996
2024-05-21 00:00:00,Slots,Night,6,24.42,146.52
2024-05-14 22:00:00,Slots,Evening,5,37.34,186.70000000000002
2024-05-23 13:00:00,Slots,Morning,5,53.51,267.55
2024-05-05 09:00:00,Slots,Afternoon,5,63.44,317.2
2024-05-24 10:00:00,Slots,Night,6,91.51,549.0600000000001
2024-05-04 08:00:00,Blackjack,Evening,8,53.44,427.52
2024-05-06 12:00:00,Roulette,Morning,2,52.62,105.24
2024-05-06 17:00:00,Poker,Night,6,9.77,58.62
2024-05-08 15:00:00,Roulette,Night,1,8.32,8.32
2024-05-17 16:00:00,Slots,Afternoon,4,57.36,229.44
2024-05-14 17:00:00,Blackjack,Night,3,46.63,139.89000000000001
2024-05-22 03:00:00,Baccarat,Afternoon,9,84.72,762.48
2024-05-03 20:00:00,Blackjack,Evening,3,20.26,60.78
2024-05-23 17:00:00,Slots,Afternoon,6,7.37,44.22
2024-05-03 04:00:00,Blackjack,Morning,1,47.66,47.66
2024-05-19 17:00:00,Blackjack,Afternoon,6,27.56,165.35999999999999
2024-05-09 12:00:00,Slots,Morning,4,9.71,38.84
2024-05-06 05:00:00,Blackjack,Afternoon,8,73.84,590.72
2024-05-02 18:00:00,Poker,Night,9,15.6,140.4
2024-05-05 14:00:00,Poker,Evening,4,62.79,251.16
2024-05-28 14:00:00,Blackjack,Morning,6,31.7,190.2
2024-05-08 14:00:00,Baccarat,Afternoon,1,21.48,21.48
2024-05-04 22:00:00,Slots,Afternoon,4,41.08,164.32
2024-05-16 13:00:00,Poker,Afternoon,7,81.14,567.98
2024-05-22 15:00:00,Baccarat,Night,1,42.25,42.25
2024-05-15 23:00:00,Blackjack,Night,8,76.32,610.56
2024-05-29 23:00:00,Baccarat,Morning,6,16.92,101.52000000000001
2024-05-12 16:00:00,Roulette,Morning,5,78.41,392.04999999999995
2024-05-09 02:00:00,Poker,Night,9,27.51,247.59
2024-05-09 02:00:00,Blackjack,Morning,2,69.35,138.7
2024-05-28 18:00:00,Slots,Evening,5,58.75,293.75
2024-05-04 20:00:00,Blackjack,Evening,6,93.27,559.62
2024-05-28 23:00:00,Slots,Night,7,41.8,292.59999999999997
2024-05-03 12:00:00,Blackjack,Morning,5,11.29,56.449999999999996
2024-05-27 09:00:00,Baccarat,Afternoon,9,6.82,61.38
2024-05-03 02:00:00,Baccarat,Evening,1,83.55,83.55
2024-05-17 18:00:00,Baccarat,Night,7,54.85,383.95
2024-05-01 04:00:00,Roulette,Morning,7,78.65,550.5500000000001
2024-05-20 09:00:00,Slots,Night,4,27.27,109.08
2024-05-26 03:00:00,Baccarat,Afternoon,9,37.78,340.02
2024-05-29 09:00:00,Roulette,Evening,5,7.86,39.300000000000004
2024-05-23 05:00:00,Slots,Night,4,96.34,385.36
2024-05-17 20:00:00,Blackjack,Night,7,68.45,479.15000000000003
2024-05-22 08:00:00,Roulette,Night,4,93.65,374.6
2024-05-27 20:00:00,Poker,Afternoon,3,30.22,90.66
2024-05-10 16:00:00,Roulette,Night,9,63.09,567.8100000000001
2024-05-22 19:00:00,Roulette,Afternoon,8,69.46,555.68
2024-05-15 09:00:00,Slots,Afternoon,1,35.17,35.17
2024-05-02 21:00:00,Blackjack,Afternoon,7,85.57,598.99
2024-05-23 17:00:00,Poker,Evening,9,94.98,854.82
2024-05-04 05:00:00,Baccarat,Evening,8,89.06,712.48
2024-05-04 00:00:00,Baccarat,Night,8,75.21,601.68
2024-05-11 08:00:00,Roulette,Night,6,31.36,188.16
2024-05-02 22:00:00,Slots,Evening,4,31.75,127.0
2024-05-06 00:00:00,Slots,Morning,8,96.52,772.16
2024-05-09 21:00:00,Baccarat,Evening,3,5.98,17.94
2024-05-10 22:00:00,Poker,Afternoon,9,73.02,657.18
2024-05-03 07:00:00,Blackjack,Evening,2,72.09,144.18
2024-05-15 13:00:00,Poker,Afternoon,2,64.16,128.32
2024-05-05 10:00:00,Blackjack,Night,7,99.06,693.4200000000001
2024-05-02 23:00:00,Baccarat,Morning,4,34.63,138.52
2024-05-24 20:00:00,Blackjack,Night,8,37.3,298.4
2024-05-15 00:00:00,Slots,Afternoon,9,12.5,112.5
2024-05-02 01:00:00,Roulette,Afternoon,7,47.07,329.49
2024-05-11 16:00:00,Roulette,Afternoon,5,29.8,149.0
2024-05-01 07:00:00,Baccarat,Morning,8,37.62,300.96
2024-05-27 00:00:00,Slots,Evening,4,84.28,337.12
2024-05-11 12:00:00,Poker,Night,2,93.87,187.74
2024-05-29 19:00:00,Slots,Night,6,22.64,135.84
2024-05-13 14:00:00,Roulette,Evening,9,40.39,363.51
2024-05-27 14:00:00,Roulette,Night,1,93.22,93.22
2024-05-03 07:00:00,Slots,Morning,7,10.87,76.08999999999999
2024-05-22 21:00:00,Slots,Night,9,13.77,123.92999999999999
2024-05-20 17:00:00,Roulette,Afternoon,9,20.47,184.23
2024-05-02 03:00:00,Poker,Evening,3,61.55,184.64999999999998
2024-05-04 05:00:00,Baccarat,Morning,5,19.29,96.44999999999999
2024-05-09 23:00:00,Baccarat,Evening,8,96.97,775.76
2024-05-17 01:00:00,Slots,Morning,8,47.44,379.52
2024-05-16 04:00:00,Baccarat,Afternoon,4,52.64,210.56
2024-05-28 17:00:00,Roulette,Evening,1,28.43,28.43
2024-05-22 21:00:00,Roulette,Night,1,49.74,49.74
2024-05-13 23:00:00,Slots,Morning,4,67.88,271.52
2024-05-01 06:00:00,Slots,Evening,6,76.36,458.15999999999997
2024-05-01 02:00:00,Slots,Night,8,76.62,612.96
2024-05-26 22:00:00,Poker,Evening,6,59.9,359.4
2024-05-16 02:00:00,Baccarat,Evening,9,90.91,818.1899999999999
2024-05-22 03:00:00,Slots,Evening,9,82.65,743.85
2024-05-12 09:00:00,Blackjack,Morning,2,76.92,153.84
2024-05-22 01:00:00,Blackjack,Night,1,10.28,10.28
2024-05-01 14:00:00,Roulette,Afternoon,2,5.65,11.3
2024-05-08 23:00:00,Baccarat,Morning,5,25.18,125.9
2024-05-27 06:00:00,Slots,Morning,4,68.03,272.12
2024-05-21 04:00:00,Blackjack,Morning,4,44.06,176.24
2024-05-02 03:00:00,Baccarat,Afternoon,9,43.23,389.07
2024-05-02 14:00:00,Roulette,Night,8,89.04,712.32
2024-05-12 08:00:00,Poker,Night,6,90.08,540.48
2024-05-10 14:00:00,Baccarat,Night,1,91.37,91.37
2024-05-04 13:00:00,Baccarat,Evening,2,34.82,69.64
2024-05-20 17:00:00,Poker,Evening,6,70.65,423.90000000000003
2024-05-06 05:00:00,Baccarat,Evening,2,30.81,61.62
2024-05-23 08:00:00,Roulette,Afternoon,5,23.11,115.55
2024-05-07 00:00:00,Roulette,Evening,5,22.54,112.69999999999999
2024-05-22 20:00:00,Poker,Afternoon,6,37.5,225.0
2024-05-09 19:00:00,Slots,Night,6,45.85,275.1
2024-05-02 00:00:00,Blackjack,Evening,6,83.94,503.64
2024-05-25 03:00:00,Slots,Evening,2,16.39,32.78
2024-05-17 09:00:00,Baccarat,Morning,3,74.82,224.45999999999998
2024-05-03 18:00:00,Blackjack,Afternoon,6,55.49,332.94
2024-05-10 16:00:00,Poker,Night,8,32.35,258.8
2024-05-05 12:00:00,Poker,Morning,1,51.82,51.82
2024-05-07 01:00:00,Blackjack,Morning,1,33.49,33.49
2024-05-05 14:00:00,Roulette,Night,2,61.63,123.26
2024-05-10 11:00:00,Blackjack,Morning,6,46.22,277.32
2024-05-05 14:00:00,Baccarat,Afternoon,9,20.62,185.58
2024-05-20 13:00:00,Roulette,Afternoon,4,16.08,64.32
2024-05-02 09:00:00,Poker,Evening,3,56.94,170.82
2024-05-26 22:00:00,Blackjack,Morning,8,90.73,725.84
2024-05-16 08:00:00,Slots,Evening,9,37.68,339.12
2024-05-25 18:00:00,Slots,Morning,5,74.64,373.2
2024-05-24 01:00:00,Baccarat,Afternoon,9,67.57,608.1299999999999
2024-05-18 16:00:00,Slots,Afternoon,2,93.5,187.0
2024-05-26 12:00:00,Blackjack,Afternoon,3,82.99,248.96999999999997
2024-05-22 13:00:00,Blackjack,Morning,7,58.83,411.81
2024-05-29 19:00:00,Slots,Afternoon,7,67.42,471.94
2024-05-12 17:00:00,Blackjack,Morning,6,90.35,542.0999999999999
2024-05-14 07:00:00,Baccarat,Evening,6,42.95,257.70000000000005
2024-05-19 10:00:00,Roulette,Morning,2,36.05,72.1
2024-05-14 02:00:00,Baccarat,Evening,6,6.03,36.18
2024-05-16 16:00:00,Baccarat,Morning,4,83.52,334.08
2024-05-13 00:00:00,Blackjack,Evening,3,81.09,243.27
2024-05-19 04:00:00,Roulette,Afternoon,2,14.92,29.84
2024-05-28 13:00:00,Blackjack,Evening,1,59.8,59.8
2024-05-12 12:00:00,Poker,Afternoon,5,49.08,245.39999999999998
2024-05-25 05:00:00,Blackjack,Afternoon,2,16.28,32.56
2024-05-21 22:00:00,Blackjack,Evening,2,98.15,196.3
2024-05-26 23:00:00,Blackjack,Morning,7,25.4,177.79999999999998
2024-05-22 11:00:00,Roulette,Morning,8,11.39,91.12
2024-05-15 13:00:00,Blackjack,Night,8,61.51,492.08
2024-05-19 13:00:00,Roulette,Morning,4,75.19,300.76
2024-05-15 13:00:00,Slots,Night,1,8.08,8.08
2024-05-26 06:00:00,Poker,Morning,7,67.58,473.06
2024-05-28 15:00:00,Roulette,Morning,1,55.57,55.57
2024-05-06 16:00:00,Slots,Afternoon,4,14.81,59.24
2024-05-11 02:00:00,Roulette,Night,8,21.39,171.12
2024-05-23 14:00:00,Roulette,Morning,2,58.96,117.92
2024-05-02 15:00:00,Poker,Night,6,33.15,198.89999999999998
2024-05-10 12:00:00,Baccarat,Afternoon,6,94.14,564.84
2024-05-23 19:00:00,Baccarat,Afternoon,9,82.78,745.02
2024-05-10 06:00:00,Roulette,Night,5,98.44,492.2
2024-05-01 05:00:00,Blackjack,Afternoon,4,29.67,118.68
2024-05-14 09:00:00,Slots,Evening,5,97.12,485.6
2024-05-20 11:00:00,Blackjack,Evening,5,45.97,229.85
2024-05-04 02:00:00,Blackjack,Afternoon,8,38.01,304.08
2024-05-01 03:00:00,Roulette,Evening,8,9.78,78.24
2024-05-27 21:00:00,Roulette,Morning,2,10.01,20.02
2024-05-05 21:00:00,Roulette,Night,7,70.74,495.17999999999995
2024-05-26 05:00:00,Roulette,Morning,8,48.5,388.0
2024-05-21 23:00:00,Baccarat,Night,6,26.52,159.12
2024-05-24 21:00:00,Roulette,Afternoon,5,63.33,316.65
2024-05-19 08:00:00,Baccarat,Morning,9,29.02,261.18
2024-05-09 01:00:00,Baccarat,Afternoon,3,59.88,179.64000000000001
2024-05-17 07:00:00,Roulette,Afternoon,4,39.12,156.48
2024-05-02 01:00:00,Poker,Night,9,83.24,749.16
2024-05-19 02:00:00,Slots,Night,6,82.97,497.82
2024-05-08 04:00:00,Blackjack,Night,8,50.35,402.8
2024-05-13 11:00:00,Baccarat,Morning,7,38.33,268.31
2024-05-27 20:00:00,Slots,Evening,2,39.44,78.88
2024-05-14 13:00:00,Poker,Night,3,81.54,244.62
2024-05-18 01:00:00,Blackjack,Night,1,36.18,36.18
2024-05-05 21:00:00,Blackjack,Morning,9,24.86,223.74
2024-05-10 08:00:00,Baccarat,Night,7,13.05,91.35000000000001
2024-05-23 03:00:00,Roulette,Morning,1,49.34,49.34
2024-05-05 16:00:00,Poker,Afternoon,3,50.8,152.39999999999998
2024-05-06 19:00:00,Baccarat,Night,4,84.89,339.56
2024-05-24 06:00:00,Poker,Night,4,26.02,104.08
2024-05-01 00:00:00,Roulette,Afternoon,5,41.19,205.95
2024-05-04 17:00:00,Roulette,Afternoon,3,81.8,245.39999999999998
2024-05-28 05:00:00,Baccarat,Afternoon,3,83.24,249.71999999999997
2024-05-14 07:00:00,Roulette,Night,1,41.54,41.54
2024-05-23 21:00:00,Slots,Evening,7,48.62,340.34
2024-05-06 18:00:00,Blackjack,Evening,1,33.81,33.81
2024-05-22 06:00:00,Baccarat,Evening,2,93.59,187.18
2024-05-11 18:00:00,Poker,Night,4,16.27,65.08
2024-05-29 00:00:00,Slots,Afternoon,4,93.71,374.84
2024-05-29 17:00:00,Baccarat,Night,5,69.97,349.85
2024-05-01 09:00:00,Roulette,Afternoon,2,55.5,111.0
2024-05-11 20:00:00,Roulette,Night,4,8.1,32.4
2024-05-28 01:00:00,Roulette,Night,1,50.18,50.18
2024-05-08 03:00:00,Roulette,Afternoon,2,43.74,87.48
2024-05-01 12:00:00,Poker,Evening,1,20.32,20.32
2024-05-07 23:00:00,Slots,Afternoon,4,67.36,269.44
2024-05-27 17:00:00,Blackjack,Morning,4,97.26,389.04
2024-05-25 19:00:00,Poker,Morning,7,58.41,408.87
2024-05-14 08:00:00,Poker,Afternoon,9,72.9,656.1
2024-05-14 06:00:00,Blackjack,Night,9,11.5,103.5
2024-05-26 12:00:00,Blackjack,Morning,5,44.68,223.4
2024-05-14 16:00:00,Roulette,Morning,1,16.05,16.05
2024-05-23 21:00:00,Poker,Night,1,63.22,63.22
2024-05-18 10:00:00,Baccarat,Night,6,94.16,564.96
2024-05-26 05:00:00,Blackjack,Evening,2,67.87,135.74
2024-05-04 22:00:00,Blackjack,Night,8,12.3,98.4
2024-05-25 04:00:00,Slots,Afternoon,9,38.69,348.21
2024-05-14 05:00:00,Baccarat,Afternoon,4,57.31,229.24
2024-05-10 19:00:00,Baccarat,Evening,5,43.3,216.5
2024-05-14 21:00:00,Blackjack,Morning,8,84.2,673.6
2024-05-16 15:00:00,Roulette,Morning,3,82.39,247.17000000000002
2024-05-20 02:00:00,Slots,Night,5,63.12,315.59999999999997
2024-05-06 16:00:00,Baccarat,Afternoon,3,40.48,121.44
2024-05-25 11:00:00,Blackjack,Morning,3,29.26,87.78
2024-05-23 18:00:00,Baccarat,Evening,3,15.06,45.18
2024-05-22 08:00:00,Slots,Evening,7,38.72,271.03999999999996
2024-05-13 07:00:00,Slots,Afternoon,7,44.25,309.75
2024-05-14 07:00:00,Poker,Evening,7,69.2,484.40000000000003
2024-05-24 19:00:00,Blackjack,Evening,8,67.53,540.24
2024-05-15 12:00:00,Slots,Afternoon,5,11.66,58.3
2024-05-10 12:00:00,Poker,Night,5,42.55,212.75
2024-05-12 05:00:00,Poker,Night,4,22.27,89.08
2024-05-13 02:00:00,Baccarat,Evening,7,19.9,139.29999999999998
2024-05-07 20:00:00,Baccarat,Night,4,83.59,334.36
2024-05-01 04:00:00,Poker,Night,2,8.98,17.96
2024-05-16 18:00:00,Baccarat,Evening,4,44.82,179.28
2024-05-04 05:00:00,Slots,Night,8,20.98,167.84
2024-05-18 01:00:00,Roulette,Evening,9,88.54,796.86
2024-05-24 21:00:00,Slots,Morning,3,57.92,173.76
2024-05-06 11:00:00,Poker,Afternoon,7,26.98,188.86
2024-05-26 00:00:00,Poker,Afternoon,9,52.73,474.57
2024-05-02 17:00:00,Slots,Night,4,74.49,297.96
2024-05-04 16:00:00,Baccarat,Night,3,96.02,288.06
2024-05-17 17:00:00,Baccarat,Night,5,25.94,129.70000000000002
2024-05-13 07:00:00,Poker,Afternoon,1,89.19,89.19
2024-05-13 06:00:00,Blackjack,Morning,3,93.76,281.28000000000003
2024-05-26 15:00:00,Baccarat,Morning,8,92.06,736.48
2024-05-22 21:00:00,Slots,Afternoon,8,65.36,522.88
2024-05-29 18:00:00,Baccarat,Morning,4,64.83,259.32
2024-05-27 12:00:00,Slots,Afternoon,2,43.31,86.62
2024-05-18 13:00:00,Poker,Morning,8,76.48,611.84
2024-05-01 22:00:00,Baccarat,Evening,8,55.47,443.76
2024-05-24 22:00:00,Slots,Evening,4,69.36,277.44
2024-05-06 22:00:00,Poker,Afternoon,3,45.7,137.10000000000002
2024-05-28 16:00:00,Blackjack,Morning,2,74.49,148.98
